Built,n,prop
3.4.0,57,0.475
3.4.1,15,0.125
3.4.2,17,0.14166666666666666
3.4.3,31,0.25833333333333336
